JOB_ID,SITE,CPU,STATUS,MEMORY,CORES,FLOPS,EXECUTION_TIME,IO_SIZE,IO_TIME,CPU_CONSUMPTION_TIME
6089452829,BNL,cpu-963,finished,0.0,3,1142550244800.0,1038.68204072727,1901052300000.0,16953.1070914124,10235.0
6089452828,BNL,cpu-963,finished,0.0,5,15953097336000.0,14502.81576,5901052300000.0,35308.0854463908,85745.0
6089452827,BNL,cpu-963,finished,0.0,5,9351757939200.0,8501.59812654546,4901052300000.0,1131.84059723942,50264.0
6089452826,BNL,cpu-964,finished,0.0,20,22522807756800.0,15015.2051712,1901051520000.0,84024.8312519464,30264.0
